,time,SajoAnker,MizuKukan,MizuAction,goho,AutoHunmuLog
379,12.672184,0,5,0,0,0
445,14.880944,0,5,1,0,0
1197,40.018133999999996,1,5,1,0,0
