,time,SajoAnker,MizuKukan,MizuAction,goho,AutoHunmuLog
259,8.967217999999999,0,5,0,0,0
358,12.293738000000001,0,5,1,0,0
973,32.863598,1,5,1,0,0
