,time,SajoAnker,MizuKukan,MizuAction,goho,AutoHunmuLog
408,13.642202000000001,0,29,0,0,0
433,14.495401999999999,0,29,1,0,0
837,27.998172,1,29,1,0,0
