,time,kukan
0,20.537717,
1,32.746237,"14.0,13.0"
2,53.850157,"14.0,13.0"
3,55.157557,13.0
4,63.087967,13.0
5,64.55738699999999,"13.0,12.0"
