,time,kukan
0,23.871752,
1,31.159342,"11.0,10.0"
2,39.658392,"11.0,10.0"
3,41.229682,10.0
4,44.611142,10.0
5,45.646592,"10.0,9.0"
