,time,kukan
0,33.152939,
1,35.562089,"14.0,13.0"
2,38.940109,"14.0,13.0"
