,time,kukan
0,37.735115,
1,40.144665,"21.0,20.0"
2,43.522855,"21.0,20.0"
3,119.987005,"21.0,20.0,18.0"
4,120.99020500000002,"21.0,20.0,18.0,17.0"
