,time,kukan
0,23.247632,
1,25.654852,"29.0,28.0"
2,29.034852,"29.0,28.0"
