,time,kukan
0,30.721589,
1,36.512549,"20.0,21.0"
