,time,kukan
0,25.187834,
1,27.597794,"0.0,20.0,19.0"
2,30.973104,"0.0,20.0,19.0"
