,time,kukan
0,28.65659,
1,34.44465,"10.0,11.0"
2,41.13261,"10.0,11.0"
3,42.269200000000005,10.0
4,44.27516000000001,10.0
5,45.04422,"10.0,9.0"
