,time,kukan
0,37.625715,
1,40.037275,"8.0,7.0"
2,43.416015,"8.0,7.0"
