,time,kukan
0,28.578476,
1,30.986356,"14.0,13.0"
2,34.361065999999994,"14.0,13.0"
