,time,kukan
0,28.717449,
1,34.605159,"6.0,5.0"
