,time,kukan
0,32.665063,
1,35.078163,"12.0,11.0"
2,38.454443,"12.0,11.0"
