,time,kukan
0,21.781818,
1,24.192868,"0.0,24.0,23.0"
2,27.572118000000003,"0.0,24.0,23.0"
