,time,kukan
0,27.998172,
1,34.821862,"29.0,28.0"
