,time,kukan
0,23.300954,
1,29.155444,"31.0,30.0"
2,33.105404,"31.0,30.0"
3,33.941714,30.0
4,38.388994,30.0
5,39.191974,"30.0,29.0"
