,time,kukan
0,30.280231,
1,32.687961,"21.0,20.0"
2,36.065971,"21.0,20.0"
