,time,kukan
0,35.906039,
1,41.696479,"18.0,19.0"
2,44.875479000000006,19.0
3,46.721839,19.0
4,47.388919,"19.0,20.0"
