,time,kukan
0,50.649793,
1,53.059593,"24.0,23.0"
2,56.433713,"24.0,23.0"
