,time,kukan
0,22.22081,
1,24.63024,"0.0,20.0,19.0"
2,28.01087,"0.0,20.0,19.0"
