,time,kukan
0,20.27985,
1,22.69321,"0.0,12.0,11.0"
2,26.07478,"0.0,12.0,11.0"
