,time,kukan
0,32.863598,
1,39.283598,"5.0,4.0"
