,time,kukan
0,40.184184,
1,42.590874,"21.0,20.0"
2,45.968344,"21.0,20.0"
