,time,kukan
0,24.539104,
1,26.944494,"0.0,30.0,29.0"
2,30.324194,"0.0,30.0,29.0"
