,time,kukan
0,21.988294,
1,24.396644,"0.0,9.0,8.0"
2,27.775124,"0.0,9.0,8.0"
