,time,kukan
0,26.649713,
1,29.057263000000003,"9.0,8.0"
2,32.440053,"9.0,8.0"
