,time,kukan
0,30.681646,
1,33.089456,"11.0,10.0"
2,36.466986000000006,"11.0,10.0"
