,time,kukan
0,25.67588,
1,28.08287,"0.0,25.0,24.0"
2,31.4594,"0.0,25.0,24.0"
